Category,Year,Purchase Price
Accommodation,2010,"27,564.998236685"
Accommodation,2011,"27,024.470022665"
Accommodation,2012,"23,698.28852631"
Accommodation,2013,"26,044.373267525"
Accommodation,2014,"24,819.913074956"
Accommodation,2015,"22,495.093564328"
Accommodation,2016,"22,089.779982059"
Accommodation,2017,"22,377.547587965"
Accommodation,2018,"24,974"
Accommodation,2019,"25,412.205914098"
Food and drink,2010,"18,162.578320992"
Food and drink,2011,"16,884.370927790"
Food and drink,2012,"16,734.270421792"
Food and drink,2013,"19,260.490573974"
Food and drink,2014,"19,146.898003054"
Food and drink,2015,"18,203.111701117"
Food and drink,2016,"17,847.275224724"
Food and drink,2017,"18,434.842513964"
Food and drink,2018,"19,961"
Food and drink,2019,"21,131.747976741"
Transportation,2010,"9,456.351135186"
Transportation,2011,"9,323.998643408"
Transportation,2012,"8,768.445369064"
Transportation,2013,"9,673.039033103"
Transportation,2014,"9,112.298480952"
Transportation,2015,"8,420.562891193"
Transportation,2016,"7,505.277628380"
Transportation,2017,"7,492.471467485"
Transportation,2018,"7,636"
Transportation,2019,"7,823.364876801"
Entertainment service,2010,"3,739.032736585"
Entertainment service,2011,"3,028.765546272"
Entertainment service,2012,"3,218.354034723"
Entertainment service,2013,"2,519.275429553"
Entertainment service,2014,"2,370.677218627"
Entertainment service,2015,"3,305.971646698"
Entertainment service,2016,"3,041.990373699"
Entertainment service,2017,"3,665.277556185"
Entertainment service,2018,"3,917"
Entertainment service,2019,"3,742.141500696"
Shopping,2010,"20,458.028401890"
Shopping,2011,"19,019.073431302"
Shopping,2012,"19,131.329642299"
Shopping,2013,"22,678.416854312"
Shopping,2014,"20,136.748549105"
Shopping,2015,"22,194.935315295"
Shopping,2016,"19,562.358002932"
Shopping,2017,"19,530.019491534"
Shopping,2018,"21,549"
Shopping,2019,"17,939.482558887"
Others,2010,"1,494.400107269"
Others,2011,344.838385176
Others,2012,156.044952439
Others,2013,353.240899287
Others,2014,265.229885172
Others,2015,549.222794589
Others,2016,233.983277304
Others,2017,294.458644910
Others,2018,47
Others,2019,88.792536957
