Length_of_stay,Purpose_of_visit_to_Japan,Rate(%)
Within 3 days,Overall,10.0295
Within 3 days,Sightseeing and leisure,8.5313
Within 3 days,Business,15.935
4 to 6 days,Overall,49.6792
4 to 6 days,Sightseeing and leisure,53.1633
4 to 6 days,Business,47.505
7 to 13 days,Overall,29.1886
7 to 13 days,Sightseeing and leisure,30.7165
7 to 13 days,Business,22.6687
14 to 20 days,Overall,5.9821
14 to 20 days,Sightseeing and leisure,5.4009
14 to 20 days,Business,4.221
21 to 27 days,Overall,1.5962
21 to 27 days,Sightseeing and leisure,1.2333
21 to 27 days,Business,1.7048
28 to 90 days,Overall,2.5336
28 to 90 days,Sightseeing and leisure,0.92
28 to 90 days,Business,4.9299
91 days to 1 year,Overall,0.9909
91 days to 1 year,Sightseeing and leisure,0.0346
91 days to 1 year,Business,3.0357
