Number_of_visits_to_Japan,Purpose_of_visit_to_Japan,Rate(%)
1st time,Overall,35.7911
1st time,Sightseeing and leisure,38.1273
1st time,Business,24.0252
2nd time,Overall,15.7624
2nd time,Sightseeing and leisure,16.543
2nd time,Business,12.685
3rd time,Overall,10.8765
3rd time,Sightseeing and leisure,11.1346
3rd time,Business,10.0214
4th time,Overall,6.9864
4th time,Sightseeing and leisure,7.1477
4th time,Business,6.3716
5th time,Overall,6.2041
5th time,Sightseeing and leisure,6.2096
5th time,Business,6.0401
6th to 9th time,Overall,9.0634
6th to 9th time,Sightseeing and leisure,8.9163
6th to 9th time,Business,10.2192
10 to 19 times,Overall,8.5368
10 to 19 times,Sightseeing and leisure,7.4349
10 to 19 times,Business,13.2463
20+ times,Overall,6.7793
20+ times,Sightseeing and leisure,4.4866
20+ times,Business,17.3913
