Region,Year,Accumulated Number of Guests at Accommodations (Guests)
Hokkaido,2020,"1,798,840"
Hokkaido,2021,"46,380"
Hokkaido,2022,"741,410"
Tohoku,2020,"413,510"
Tohoku,2021,"93,840"
Tohoku,2022,"174,430"
Kanto,2020,"6,130,750"
Kanto,2021,"2,122,490"
Kanto,2022,"7,170,430"
Hokuriku Shinetsu,2020,"678,130"
Hokuriku Shinetsu,2021,"61,250"
Hokuriku Shinetsu,2022,"287,890"
Kinki,2020,"3,592,790"
Kinki,2021,"423,000"
Kinki,2022,"3,123,180"
Chubu,2020,"1,037,150"
Chubu,2021,"210,540"
Chubu,2022,"543,780"
Chugoku,2020,"249,320"
Chugoku,2021,"81,500"
Chugoku,2022,"181,550"
Shikoku,2020,"129,770"
Shikoku,2021,"33,720"
Shikoku,2022,"68,830"
Kyushu,2020,"1,000,390"
Kyushu,2021,"191,160"
Kyushu,2022,"886,540"
Okinawa,2020,"861,960"
Okinawa,2021,"174,530"
Okinawa,2022,"429,760"
