Country/Area,Number of foreign visitors  (Unit:1k),Rank
Albania,"5,340",15
Andorra,"1,949",27
Armenia,870,40
Austria,"12,728",8
Belgium,"3,243",22
Canada,"3,062",23
Columbia,"2,104",25
Costa Rica,"1,347",34
Croatia,"10,641",10
Cyprus,"1,937",28
Dominican Republic,"4,994",16
El Salvador,"1,219",36
France,"48,400",1
Georgia,"1,577",31
Germany,"11,688",9
Greece,"14,705",7
Hungary,"7,930",13
Italy,"26,888",5
Jamaica,"1,464",33
Jordan,"2,012",26
Macau,"3,697",20
Maldives,"1,322",35
Malta,968,37
Mexico,"31,860",2
Montenegro,"1,554",32
Morocco,"3,722",19
Netherlands,"6,248",14
Poland,"9,722",11
Portugal,"9,617",12
Republic of South Africa,"2,256",24
Saudi Arabia,"3,477",21
Serbia,871,39
Slovenia,"1,832",30
South Korea,967,38
Spain,"31,181",3
Switzerland,"4,390",17
Turkey,"29,925",4
Ukraine,"4,272",18
United States,"22,100",6
Uzbekistan,"1,881",29
