Prefecture,Visit Rate(%)
Tokyo,47.2373
Osaka,38.6039
Chiba Prefecture,35.1178
Kyoto,27.8039
Nara Prefecture,11.7069
Aichi Prefecture,9.024
Fukuoka Prefecture,8.6907
Hokkaido,8.0075
Kanagawa Prefecture,7.8376
Okinawa Prefecture,6.1199
Hyogo Prefecture,6.0407
Yamanashi Prefecture,5.5438
Shizuoka Prefecture,4.7602
Oita Prefecture,3.3043
Hiroshima Prefecture,3.028
Gifu Prefecture,3.0012
Nagano Prefecture,2.8556
Ishikawa Prefecture,2.0058
Kumamoto Prefecture,1.9365
Nagasaki Prefecture,1.4953
Tochigi Prefecture,1.2853
Toyama Prefecture,1.1447
Wakayama Prefecture,1.0675
Saitama Prefecture,1.0622
Kagoshima prefecture,1.049
Okayama Prefecture,1.0231
Miyagi Prefecture,0.9978
Kagawa Prefecture,0.9934
Saga Prefecture,0.9387
Ibaraki Prefecture,0.8928
Mie Prefecture,0.7471
Aomori Prefecture,0.7403
Shiga Prefecture,0.6882
Niigata Prefecture,0.6214
Yamaguchi Prefecture,0.5923
Gunma Prefecture,0.5456
Miyazaki Prefecture,0.5208
Tottori Prefecture,0.4507
Iwate Prefecture,0.416
Yamagata Prefecture,0.397
Ehime Prefecture,0.3763
Akita Prefecture,0.3459
Fukushima Prefecture,0.3276
Tokushima Prefecture,0.2967
Shimane Prefecture,0.2344
Fukui Prefecture,0.2145
Kochi Prefecture,0.1926
