Country/Area,Purpose_of_visit_to_Japan,Travel_form,Year,Rate(%)
Overall,Overall,Participated in a Group Tour,2019,16.8643
Overall,Overall,Separate arrangement,2019,76.642
Overall,Overall,Used a package product for Individual Travel,2019,6.4937
Overall,Sightseeing and leisure,Participated in a Group Tour,2019,20.1649
Overall,Sightseeing and leisure,Separate arrangement,2019,72.5582
Overall,Sightseeing and leisure,Used a package product for Individual Travel,2019,7.2769
Overall,Business,Participated in a Group Tour,2019,3.5241
Overall,Business,Separate arrangement,2019,93.0295
Overall,Business,Used a package product for Individual Travel,2019,3.4464
